Mass_kg,Force_N,Voltage_Mean_V,Repeatability_SD_V,ADC_Mean_Counts,ADC_SD_Counts,Trial_1_V,Trial_2_V,Trial_3_V
0.988,9.6889702,0.185426416,0.000120722,230.0973247,0.149805494,0.185411743,0.185553804,0.1853137
1.923,18.85818795,0.361551399,0.000145435,448.652418,0.180471596,0.361399965,0.361564252,0.361689981
2.932,28.7530978,0.551940368,0.000271841,684.90782,0.337330084,0.552253836,0.551769465,0.551797802
3.913,38.37342145,0.736461168,0.000101787,913.8813582,0.126308334,0.736578678,0.736404441,0.736400385
4.901,48.06239165,0.925339413,0.000111799,1148.26209,0.13873214,0.925454183,0.925333212,0.925230844
5.868,57.5454222,1.107735514,0.000185517,1374.599069,0.230209888,1.107550768,1.107733982,1.107921792
6.837,67.04806605,1.291215559,0.000209238,1602.281126,0.259644984,1.291394375,1.29126686,1.290985442
7.821,76.69780965,1.362919902,0.00022779,1691.259697,0.282666579,1.362981929,1.362667523,1.363110254
8.79,86.2004535,1.532364691,0.000514009,1901.525276,0.637838399,1.532955342,1.532018831,1.532119901
9.783,95.93845695,1.705242925,0.000322259,2116.051447,0.399893587,1.70530935,1.704892629,1.705526795
9.961,97.68404065,1.7196319,0.001756998,2133.906858,2.180274441,1.71944582,1.717975349,1.721474532
