Mass_kg,Force_N,Voltage_Mean_V,Temporal_Noise_RMS_mV,Estimated_Vpp_mV,SNR_dB,Effective_Number_of_Bits_ENOB
0.988,9.6889702,0.185426415544521,2.40500739816167,14.43004438897,37.7411037286459,5.9769275296754
1.923,18.85818795,0.361551399136964,2.42698293043184,14.561897582591,43.4620664933931,6.92725357033108
2.932,28.7530978,0.551940367748984,2.51374736881148,15.0824842128689,46.8314105916907,7.48694528101175
3.913,38.37342145,0.736461167785818,2.76872050239291,16.6123230143574,48.4974147115621,7.76369015142228
4.901,48.06239165,0.925339413267203,2.64373791547946,15.8624274928768,50.8816532207168,8.15974305991974
5.868,57.5454222,1.10773551386355,2.61041400398785,15.6624840239271,52.5545337746679,8.43763019512756
6.837,67.04806605,1.29121555907222,2.59739579274456,15.5843747564674,53.92921235809,8.66598211928405
7.821,76.69780965,1.36291990209049,2.60705001164078,15.6423000698447,54.3664194192645,8.73860787695424
8.79,86.2004535,1.53236469148292,2.62073724929812,15.7244234957887,55.3387730996422,8.90012842186748
9.783,95.93845695,1.70524292451015,2.65449310078906,15.9269586047344,56.156093105811,9.03589586475266
9.961,97.68404065,1.71963190033249,2.63561201591054,15.8136720954632,56.2910802824265,9.05831898379178
