Encoder,Reading_Mode,Direction,Trial_1_Counts,Trial_2_Counts,Trial_3_Counts,Mean_Counts,Std_Dev_Counts,CV_Percent
Encoder_B,X1,CW,24,24,24,24,0,0
Encoder_B,X1,CCW,24,24,24,24,0,0
Encoder_B,X2,CW,48,48,48,48,0,0
Encoder_B,X2,CCW,48,48,48,48,0,0
Encoder_B,X4,CW,96,96,96,96,0,0
Encoder_B,X4,CCW,96,96,96,96,0,0
Encoder_W,X1,CW,2029,2025,2048,2034,12.2882057274445,0.604139907937291
Encoder_W,X1,CCW,2029,2025,2048,2034,12.2882057274445,0.604139907937291
Encoder_W,X2,CW,3802,4381,4448,4210.33333333333,355.210266368152,8.43663050514176
Encoder_W,X2,CCW,3802,4381,4448,4210.33333333333,355.210266368152,8.43663050514176
Encoder_W,X4,CW,8007,9672,8308,8662.33333333333,887.254379157034,10.2426718646673
Encoder_W,X4,CCW,8007,9672,8308,8662.33333333333,887.254379157034,10.2426718646673
