Distance_cm,Flux_Mean_mT,Flux_Std_mT,Voltage_Mean_V,Voltage_Std_V
0,54.9961622237792,1.00574147017022e-05,0.115133286596521,0.000301722442609202
0.1,54.9957045002871,1.02851755954421e-05,0.128864991418154,0.000308555255920683
0.2,54.9956392382678,2.10774215824204e-06,0.130822851940109,6.32322668825135e-05
0.3,54.9945234139182,5.10705658196813e-05,0.164297582440373,0.00153211694719334
0.4,54.9949604138456,0.000567489863506797,0.151187584645354,0.0170246959018547
0.5,54.9940876507573,0.000382254048554309,0.177370477295815,0.0114676214451591
0.6,54.9893619055701,0.00010912622187141,0.319142832887249,0.0032737866527359
0.7,54.9802360412439,6.51238991017312e-05,0.59291876268078,0.0019537169713056
0.8,54.9735264933228,5.33680776572135e-05,0.79420520032079,0.00160104232798241
0.9,54.9721496561198,8.0239663682593e-06,0.835510316406257,0.000240718990974633
1,54.9671419870882,1.88627396808007e-05,0.985740387352279,0.000565882190411227
1.1,54.9643091669076,1.35153551260791e-05,1.07072499277419,0.000405460653454603
1.2,54.9608337478086,6.63390166974574e-05,1.17498756574552,0.00199017049848819
1.3,54.9585108071346,1.46105493259408e-05,1.24467578596103,0.000438316480886456
1.4,54.9565877550912,3.8995752680662e-06,1.30236734726435,0.000116987258203182
1.6,54.9539859986001,6.0625801334909e-06,1.38042004200127,0.00018187740352721
1.8,54.952330192476,5.10913183203858e-06,1.43009422570851,0.000153273955034167
2,54.950753063566,2.16458651395727e-06,1.47740809302171,6.49375934849539e-05
2.2,54.9497268909246,3.8721081009206e-06,1.50819327225967,0.00011616324362455
2.4,54.9492619438178,1.562272035682e-06,1.52214168546679,4.68681592101402e-05
2.6,54.9486429204271,3.64480371732251e-06,1.54071238718396,0.000109344112134156
2.8,54.948084834556,1.4725595291659e-06,1.5574549633199,4.41767847370485e-05
3,54.9476953939606,2.89033470015669e-06,1.56913818118271,8.67100400924078e-05
3.2,54.9474548486079,1.86478091501678e-06,1.57635454176885,5.59434262524506e-05
