Distance_cm,RAW4_Trial1_V,RAW4_Trial2_V,RAW4_Trial3_V,RAW4_Mean_V,RAW4_SD_V,RAW5_Trial1_V,RAW5_Trial2_V,RAW5_Trial3_V,RAW5_Mean_V,RAW5_SD_V
0,3.28135370090847,3.28953372128141,3.2891995956668,3.28669567261889,0.0046292986831507,3.28287297228306,3.2898665575617,3.28986333422593,3.28753428802356,0.00403681816805909
0.5,3.06534505015882,3.06375409220173,3.06516414043821,3.06475442759959,0.000871025408880064,3.1170475172195,3.11667879446752,3.11664887116704,3.11679172761802,0.000222024978654427
1,2.51054035927729,2.50898026476029,2.50895641207554,2.50949234537104,0.000907685021585886,2.79537891349905,2.79449319454928,2.794414491434,2.79476219982744,0.000535537449340389
1.5,1.94579095226751,1.94443296090386,1.94441093477603,1.94487828264913,0.000790471796974108,2.47742576834739,2.47655998035717,2.4765793740941,2.47685504093289,0.000494359550839531
2,1.28104201166431,1.27940810275797,1.27930114173238,1.27991708538489,0.000975681564779935,2.17826724945543,2.17753222145331,2.17750471565466,2.1777680621878,0.000432527557922669
2.5,0.674954317151589,0.673534115407398,0.673538520632962,0.674008984397316,0.000818685143219839,1.88292287692978,1.88210968303502,1.88214653650742,1.88239303215741,0.000459228871825149
3,0.434445520924649,0.434445520924649,0.433936824816472,0.434275955555256,0.000293695834991673,1.55823451794581,1.55736840762202,1.557424171331,1.55767569896628,0.000484753944519133
3.5,0.349770262847151,0.34958578059607,0.349598459050135,0.349651500831118,0.000103046097152687,1.28494144212287,1.28422285313322,1.2842186627967,1.28446098601759,0.000416092467547484
4,0.259907583056143,0.259791354940182,0.259833338888702,0.259844092295009,5.88555056504903e-05,0.954605879437726,0.953823360955127,0.953851645726593,0.954093628706482,0.000443847514152476
4.5,0.167242481416677,0.167027914698327,0.167040378263339,0.167103591459448,0.000120443556397045,0.648723643277826,0.64783013459991,0.64779032640304,0.648114701426925,0.000527734598513578
5,0.0768784923286438,0.0767056946697622,0.0767078704214129,0.0767640191399396,9.91426581895398e-05,0.32806953077144,0.327260580935457,0.327233316886994,0.32752114286463,0.000475113464696349
5.5,0.000189370977011389,0,0,6.31236590037963e-05,0.000109333384554228,0.0197550460161708,0.0188647338129025,0.0188482142170356,0.0191559980153696,0.000518856535768638
6,0,0,0,0,0,4.79471197113942e-05,0,0,1.59823732371314e-05,2.76822824722407e-05
