Angle_deg,RAW1_Trial1_V,RAW1_Trial2_V,RAW1_Trial3_V,RAW1_Mean_V,RAW1_SD_V,RAW2_Trial1_V,RAW2_Trial2_V,RAW2_Trial3_V,RAW2_Mean_V,RAW2_SD_V,RAW3_Trial1_V,RAW3_Trial2_V,RAW3_Trial3_V,RAW3_Mean_V,RAW3_SD_V
0,3.2798197154113,3.2875332922359,3.28746318468271,3.28493873077663,0.00443333593360321,3.28248041793,3.2904622568748,3.29049494687183,3.28781254055888,0.00461778257998368,3.28099043096615,3.28939589681568,3.28941958833367,3.2866019720385,0.00485975156021478
10,3.27818594081064,3.27820670446529,3.2782827214674,3.27822512224778,5.09512994411601e-05,3.2774300685704,3.27750100881874,3.27549262887818,3.27680790208911,0.00113961214641178,2.99136167744354,2.99062938927685,2.99066428188663,2.99088511620234,0.000413082722969365
20,3.20024377453596,3.20002415792489,3.20000992152519,3.20009261799535,0.000131098793266933,2.8912310078065,2.89111805674855,2.89211436297673,2.89148780917726,0.000545542604288446,1.99202135020408,1.99038808596494,1.99017085999456,1.99086009872119,0.00101152139642931
30,3.1242881232408,3.12407594716315,3.12401765850781,3.12412724297059,0.000142341974988261,2.59050119330579,2.59454814509844,2.60281455087024,2.59595462975816,0.00627601330073756,1.02151086050487,1.01947959488039,1.01955768018964,1.0201827118583,0.00115087290758766
40,3.05948298426675,3.0592241504037,3.05930712443888,3.05933808636977,0.000132165513804579,2.30537087347394,2.31203383086255,2.315674615486,2.31102643994083,0.00522521791072985,0.432073333819256,0.430680208095613,0.430377966644081,0.431043836186317,0.000904287844619567
50,2.97196904181332,2.97265985639296,2.97236911150571,2.972332669904,0.000346846058958035,1.91193220055056,1.89992288413341,1.90292748971857,1.90492752480085,0.00624948201449766,0.309038419110092,0.308757183063381,0.308770022684234,0.308855208285902,0.000158795052004548
60,2.31650765975696,2.31470175902569,2.31469063851725,2.31530001909996,0.00104586226805696,1.52420839451869,1.53991409810151,1.52837385762353,1.53083211674791,0.00813631118503801,0.230902100577114,0.230751302184924,0.230763900055593,0.230805767605877,8.36642551917441e-05
70,1.75854442214561,1.75748926317839,1.75777082155868,1.75793483562756,0.000546365786463402,1.17094921988558,1.16729516586321,1.16811856698796,1.16878765091225,0.00191671142139458,0.132466099725855,0.132292227621714,0.132402976066851,0.13238710113814,8.8016402850833e-05
80,0.928584507500534,0.927721217595536,0.927750415645466,0.928018713580512,0.000490209344546343,0.788555092119649,0.782566590881649,0.771596853975437,0.780906178992245,0.0086001852288663,0.0474958258412162,0.047638807644143,0.0478510643051847,0.0476618992635146,0.000178741457794725
90,0.255060088961635,0.253173443669103,0.253194905713163,0.253809479447967,0.0010831127695632,0.407151710327601,0.153511393332064,0.153451412425444,0.23803817202837,0.146456623361634,0.000119881229844231,0,0,3.9960409948077e-05,6.92134603213502e-05
100,0.000639375512879729,0,0,0.00021312517095991,0.000369143624474367,0.000326631358930282,0,0,0.000108877119643427,0.000188580703004172,0,0,0,0,0
